{
  "lambda": 1.0,
  "n_seeds": 1,
  "recon_corr": 0.9202106658565676,
  "mae_cal_dbp": 6.057198524475098,
  "cues": {
    "PAT (arrival time)": {
      "frac_mean": 0.5866666666666667,
      "frac_std": 0.0,
      "probe_mean": 0.11931325998846842,
      "dep_mean": 0.5853333333333333,
      "dep_std": 0.0,
      "expect_sign": -1
    },
    "PPG rise-time (morphology)": {
      "frac_mean": 0.5906666666666667,
      "frac_std": 0.0,
      "probe_mean": 0.09006161403036095,
      "dep_mean": 0.626,
      "dep_std": 0.0,
      "expect_sign": -1
    },
    "augmentation index (morphology)": {
      "frac_mean": 0.5813333333333334,
      "frac_std": 0.0,
      "probe_mean": 0.0,
      "dep_mean": 0.5813333333333334,
      "dep_std": 0.0,
      "expect_sign": 1
    },
    "APG stiffness (morphology)": {
      "frac_mean": 0.2753333333333333,
      "frac_std": 0.0,
      "probe_mean": 0.03149139691598524,
      "dep_mean": 0.7246666666666667,
      "dep_std": 0.0,
      "expect_sign": 1
    },
    "dicrotic notch (morphology)": {
      "frac_mean": 0.6813333333333333,
      "frac_std": 0.0,
      "probe_mean": 0.0,
      "dep_mean": 0.6813333333333333,
      "dep_std": 0.0,
      "expect_sign": 0
    },
    "diastolic decay (morphology)": {
      "frac_mean": 0.31133333333333335,
      "frac_std": 0.0,
      "probe_mean": 0.24580598529373332,
      "dep_mean": 0.6886666666666666,
      "dep_std": 0.0,
      "expect_sign": 0
    },
    "PPG kurtosis (morphology)": {
      "frac_mean": 0.178,
      "frac_std": 0.0,
      "probe_mean": 0.4221612545238742,
      "dep_mean": 0.8220000000000001,
      "dep_std": 0.0,
      "expect_sign": 0
    },
    "PPG peak height (morphology)": {
      "frac_mean": 0.17266666666666666,
      "frac_std": 0.0,
      "probe_mean": 0.2562835269106405,
      "dep_mean": 0.8273333333333334,
      "dep_std": 0.0,
      "expect_sign": 0
    },
    "cardiac period (f2f)": {
      "frac_mean": 0.15333333333333332,
      "frac_std": 0.0,
      "probe_mean": 0.5584487081979169,
      "dep_mean": 0.8466666666666667,
      "dep_std": 0.0,
      "expect_sign": 0
    },
    "heart rate": {
      "frac_mean": 0.34,
      "frac_std": 0.0,
      "probe_mean": 0.08614312410106628,
      "dep_mean": 0.6599999999999999,
      "dep_std": 0.0,
      "expect_sign": 0
    },
    "PPG amplitude (control)": {
      "frac_mean": 0.418,
      "frac_std": 0.0,
      "probe_mean": 0.03410388034962708,
      "dep_mean": 0.5820000000000001,
      "dep_std": 0.0,
      "expect_sign": 0
    }
  },
  "cue_validation": {
    "rise": 0.4285259904997457,
    "aix": 0.11851297412491946,
    "apg": 0.12208748455748393,
    "kurt": 0.5448487121777157,
    "notch": 0.17387282229396817,
    "decay": 0.37337264721732005,
    "peak": 0.4183861769310792
  },
  "roll_slope_mean": 0.003060738245646147,
  "roll_slope_std": 0.0
}