{
  "lambda": 1.0,
  "n_seeds": 3,
  "recon_corr": 0.9192427754610618,
  "mae_cal_dbp": 6.059510231018066,
  "cues": {
    "PAT (arrival time)": {
      "frac_mean": 0.3566666666666667,
      "frac_std": 0.015691469727919776,
      "probe_mean": 0.15746093249682905,
      "dep_mean": 0.636,
      "dep_std": 0.025513975836058217,
      "expect_sign": -1
    },
    "PPG rise-time (morphology)": {
      "frac_mean": 0.6611111111111111,
      "frac_std": 0.03690361151987537,
      "probe_mean": 0.19677295485027171,
      "dep_mean": 0.6946666666666667,
      "dep_std": 0.03752727403231277,
      "expect_sign": -1
    },
    "augmentation index (morphology)": {
      "frac_mean": 0.5402222222222223,
      "frac_std": 0.15464399578418417,
      "probe_mean": 0.12131343155014902,
      "dep_mean": 0.6571111111111111,
      "dep_std": 0.02913230780464693,
      "expect_sign": 1
    },
    "APG stiffness (morphology)": {
      "frac_mean": 0.7022222222222222,
      "frac_std": 0.010643493346513832,
      "probe_mean": 0.04479986608616552,
      "dep_mean": 0.7022222222222222,
      "dep_std": 0.010643493346513832,
      "expect_sign": 1
    },
    "dicrotic notch (morphology)": {
      "frac_mean": 0.5604444444444444,
      "frac_std": 0.21320435916142075,
      "probe_mean": 0.022469501420803506,
      "dep_mean": 0.7204444444444444,
      "dep_std": 0.022668845211211732,
      "expect_sign": 0
    },
    "diastolic decay (morphology)": {
      "frac_mean": 0.42711111111111116,
      "frac_std": 0.22663028030388457,
      "probe_mean": 0.3481811600515499,
      "dep_mean": 0.7373333333333334,
      "dep_std": 0.018626941857507434,
      "expect_sign": 0
    },
    "PPG kurtosis (morphology)": {
      "frac_mean": 0.3844444444444444,
      "frac_std": 0.31557370839805204,
      "probe_mean": 0.45341831367470614,
      "dep_mean": 0.836,
      "dep_std": 0.006622073078111685,
      "expect_sign": 0
    },
    "PPG peak height (morphology)": {
      "frac_mean": 0.6188888888888889,
      "frac_std": 0.3208702672343789,
      "probe_mean": 0.27073689968662074,
      "dep_mean": 0.8420000000000001,
      "dep_std": 0.011326795499888569,
      "expect_sign": 0
    },
    "cardiac period (f2f)": {
      "frac_mean": 0.14666666666666667,
      "frac_std": 0.022861904265976327,
      "probe_mean": 0.5994053559025234,
      "dep_mean": 0.8533333333333332,
      "dep_std": 0.022861904265976302,
      "expect_sign": 0
    },
    "heart rate": {
      "frac_mean": 0.3506666666666667,
      "frac_std": 0.006277531951922474,
      "probe_mean": 0.07241832152871863,
      "dep_mean": 0.6493333333333333,
      "dep_std": 0.006277531951922495,
      "expect_sign": 0
    },
    "PPG amplitude (control)": {
      "frac_mean": 0.6075555555555555,
      "frac_std": 0.03635354517668918,
      "probe_mean": 0.10846653612080126,
      "dep_mean": 0.6075555555555555,
      "dep_std": 0.03635354517668918,
      "expect_sign": 0
    }
  },
  "cue_validation": {
    "rise": 0.4285259904997457,
    "aix": 0.11851297412491946,
    "apg": 0.12208748455748393,
    "kurt": 0.5448487121777157,
    "notch": 0.17387282229396817,
    "decay": 0.37337264721732005,
    "peak": 0.4183861769310792
  }
}