{
  "lambda": 1.0,
  "n_seeds": 3,
  "recon_corr": 0.9082202461153542,
  "mae_cal_dbp": 6.182699521382649,
  "cues": {
    "PAT (arrival time)": {
      "frac_mean": 0.2353333333333333,
      "frac_std": 0.02560092590918163,
      "probe_mean": 0.25682477766937023,
      "expect_sign": -1
    },
    "PPG rise-time (morphology)": {
      "frac_mean": 0.5148888888888888,
      "frac_std": 0.1770351154397495,
      "probe_mean": 0.12680169300664493,
      "expect_sign": -1
    },
    "augmentation index (morphology)": {
      "frac_mean": 0.5228888888888888,
      "frac_std": 0.16713209088164108,
      "probe_mean": 0.09616452136625446,
      "expect_sign": 1
    },
    "APG stiffness (morphology)": {
      "frac_mean": 0.5571111111111111,
      "frac_std": 0.22406370346371707,
      "probe_mean": 0.06631070712631988,
      "expect_sign": 1
    },
    "heart rate": {
      "frac_mean": 0.3724444444444444,
      "frac_std": 0.006999118110232704,
      "probe_mean": 0.03875926270598806,
      "expect_sign": 0
    },
    "PPG amplitude (control)": {
      "frac_mean": 0.464,
      "frac_std": 0.08236683978577969,
      "probe_mean": 0.09365666304307403,
      "expect_sign": 0
    }
  },
  "cue_validation": {
    "rise": 0.43908762100477555,
    "aix": 0.18146737007695646,
    "apg": 0.14142897965059595
  }
}