{
  "lambda": 1.0,
  "primary_target": "DBP",
  "aux_kind": "abp_waveform",
  "vanilla": {
    "mae_cal_sbp": 11.046329498291016,
    "mae_cal_dbp": 6.139808654785156,
    "probe_ptt_r2": 0.12571636753872584,
    "recon_corr": 0.30390393699637797,
    "shift_ms": [
      -48.0,
      -32.0,
      -16.0,
      0.0,
      16.0,
      32.0,
      48.0
    ],
    "curve_dbp": [
      63.295013427734375,
      63.37569808959961,
      63.45913314819336,
      63.53562545776367,
      63.609336853027344,
      63.69094467163086,
      63.77634048461914
    ],
    "curve_sbp": [
      114.85182189941406,
      114.99607849121094,
      115.14482116699219,
      115.28099060058594,
      115.41175842285156,
      115.55647277832031,
      115.70771026611328
    ],
    "in_dbp_slope": 5.95223903656013,
    "in_dbp_frac": 0.275,
    "ds_dbp_slope": 0.10206664588060438,
    "ds_dbp_frac": 0.35933333333333334,
    "profile": {
      "PAT (arrival time)": {
        "slope": 0.1020614466574366,
        "frac_correct": 0.31133333333333335,
        "expect_sign": -1
      },
      "PPG rise-time (morphology)": {
        "slope": -0.017654111035193903,
        "frac_correct": 0.6013333333333334,
        "expect_sign": -1
      },
      "heart rate": {
        "slope": -4.032447068104965e-05,
        "frac_correct": 0.42,
        "expect_sign": 0
      },
      "PPG amplitude (control)": {
        "slope": 0.00022565148058727538,
        "frac_correct": 0.43333333333333335,
        "expect_sign": 0
      }
    }
  },
  "aux": {
    "mae_cal_sbp": 11.174966812133789,
    "mae_cal_dbp": 6.204156875610352,
    "probe_ptt_r2": 0.29276923809620203,
    "recon_corr": 0.9083170290929142,
    "shift_ms": [
      -48.0,
      -32.0,
      -16.0,
      0.0,
      16.0,
      32.0,
      48.0
    ],
    "curve_dbp": [
      63.59282684326172,
      63.686466217041016,
      63.77845001220703,
      63.86705017089844,
      63.946189880371094,
      64.02523040771484,
      64.10591125488281
    ],
    "curve_sbp": [
      115.6418228149414,
      115.79130554199219,
      115.93751525878906,
      116.07746124267578,
      116.20218658447266,
      116.33003997802734,
      116.46410369873047
    ],
    "in_dbp_slope": 6.02756227765763,
    "in_dbp_frac": 0.2425,
    "ds_dbp_slope": 0.07116958670711983,
    "ds_dbp_frac": 0.30466666666666664,
    "profile": {
      "PAT (arrival time)": {
        "slope": 0.07117545210164915,
        "frac_correct": 0.25666666666666665,
        "expect_sign": -1
      },
      "PPG rise-time (morphology)": {
        "slope": -0.014963865526411012,
        "frac_correct": 0.6173333333333333,
        "expect_sign": -1
      },
      "heart rate": {
        "slope": -5.4561656258381406e-05,
        "frac_correct": 0.37866666666666665,
        "expect_sign": 0
      },
      "PPG amplitude (control)": {
        "slope": 0.0020181454568537764,
        "frac_correct": 0.5753333333333334,
        "expect_sign": 0
      }
    }
  },
  "analytic": {
    "in_dbp_slope": 12.29052884238097,
    "in_dbp_frac": 0.19916666666666666,
    "curve_dbp": [
      62.0451774597168,
      62.1578254699707,
      62.26591110229492,
      62.43113327026367,
      62.5113410949707,
      62.59821701049805,
      62.60404968261719
    ],
    "shift_ms": [
      -48.0,
      -32.0,
      -16.0,
      0.0,
      16.0,
      32.0,
      48.0
    ]
  },
  "readoff": {
    "mae_sbp": 14.492841720581055,
    "mae_dbp": 9.881534576416016
  }
}