{
  "lambda": 3.0,
  "primary_target": "DBP",
  "vanilla": {
    "mae_raw_sbp": 14.041059494018555,
    "mae_raw_dbp": 9.197739601135254,
    "mae_cal_sbp": 10.985227584838867,
    "mae_cal_dbp": 6.137932777404785,
    "probe_ptt_r2": 0.12099289461430485,
    "shift_ms": [
      -48.0,
      -32.0,
      -16.0,
      0.0,
      16.0,
      32.0,
      48.0
    ],
    "in_dbp_slope": 3.5132041999271557,
    "in_dbp_frac": 0.3433333333333333,
    "in_sbp_slope": 6.238043308258151,
    "in_sbp_frac": 0.3466666666666667,
    "curve_dbp": [
      61.93428421020508,
      61.97502136230469,
      62.022499084472656,
      62.066444396972656,
      62.110538482666016,
      62.16554641723633,
      62.22703170776367
    ],
    "curve_sbp": [
      113.0830307006836,
      113.15486907958984,
      113.23899841308594,
      113.3163833618164,
      113.39388275146484,
      113.49127960205078,
      113.6001968383789
    ],
    "ds_dbp_slope": 0.09617284908408835,
    "ds_dbp_frac": 0.37266666666666665
  },
  "aux": {
    "mae_raw_sbp": 14.690482139587402,
    "mae_raw_dbp": 9.645827293395996,
    "mae_cal_sbp": 11.296222686767578,
    "mae_cal_dbp": 6.228610515594482,
    "probe_ptt_r2": 0.4854481340730056,
    "shift_ms": [
      -48.0,
      -32.0,
      -16.0,
      0.0,
      16.0,
      32.0,
      48.0
    ],
    "in_dbp_slope": 9.235731192997424,
    "in_dbp_frac": 0.28833333333333333,
    "in_sbp_slope": 5.8332000459943085,
    "in_sbp_frac": 0.39416666666666667,
    "curve_dbp": [
      58.39591979980469,
      58.54171371459961,
      58.6646728515625,
      58.76920700073242,
      58.83219528198242,
      58.87423324584961,
      58.89435577392578
    ],
    "curve_sbp": [
      108.72957611083984,
      108.81941223144531,
      108.87826538085938,
      108.91905975341797,
      108.90864562988281,
      108.88420867919922,
      108.84819793701172
    ],
    "ds_dbp_slope": 0.059411911390647165,
    "ds_dbp_frac": 0.254
  },
  "analytic": {
    "in_dbp_slope": 12.29052884238097,
    "in_dbp_frac": 0.19916666666666666,
    "curve_dbp": [
      62.0451774597168,
      62.1578254699707,
      62.26591110229492,
      62.43113327026367,
      62.5113410949707,
      62.59821701049805,
      62.60404968261719
    ],
    "shift_ms": [
      -48.0,
      -32.0,
      -16.0,
      0.0,
      16.0,
      32.0,
      48.0
    ]
  }
}