{
  "lambda": 1.0,
  "n_seeds": 3,
  "recon_corr": 0.8952787722534984,
  "mae_cal_dbp": 6.348833401997884,
  "cues": {
    "PAT (arrival time)": {
      "frac_mean": 0.6291111111111111,
      "frac_std": 0.00349955905511637,
      "probe_mean": 0.21318202357299174,
      "dep_mean": 0.721111111111111,
      "dep_std": 0.00545237517617126,
      "expect_sign": -1
    },
    "PPG rise-time (morphology)": {
      "frac_mean": 0.3377777777777778,
      "frac_std": 0.002060804110110153,
      "probe_mean": 0.08601968533961786,
      "dep_mean": 0.6282222222222221,
      "dep_std": 0.001662958838566201,
      "expect_sign": -1
    },
    "augmentation index (morphology)": {
      "frac_mean": 0.5424444444444445,
      "frac_std": 0.10255597688609733,
      "probe_mean": 0.05268941782905127,
      "dep_mean": 0.6104444444444445,
      "dep_std": 0.011012899282990098,
      "expect_sign": 1
    },
    "APG stiffness (morphology)": {
      "frac_mean": 0.7544444444444444,
      "frac_std": 0.004878777422244462,
      "probe_mean": 0.06097112525453915,
      "dep_mean": 0.7544444444444444,
      "dep_std": 0.004878777422244462,
      "expect_sign": 1
    },
    "cardiac period (f2f)": {
      "frac_mean": 0.8137777777777777,
      "frac_std": 0.03458251895515923,
      "probe_mean": 0.5176628936936888,
      "dep_mean": 0.8137777777777777,
      "dep_std": 0.03458251895515923,
      "expect_sign": 0
    },
    "heart rate": {
      "frac_mean": 0.524,
      "frac_std": 0.0928670894143684,
      "probe_mean": 0.018158288629236113,
      "dep_mean": 0.5955555555555555,
      "dep_std": 0.008332592559667826,
      "expect_sign": 0
    },
    "PPG amplitude (control)": {
      "frac_mean": 0.47222222222222215,
      "frac_std": 0.08831649035789295,
      "probe_mean": 0.033680138487175694,
      "dep_mean": 0.5877777777777777,
      "dep_std": 0.029435847801659643,
      "expect_sign": 0
    }
  },
  "cue_validation": {
    "rise": 0.43908762100477555,
    "aix": 0.18146737007695646,
    "apg": 0.14142897965059595
  }
}